<?xml version="1.0" encoding="UTF-8"?>
<?xml-stylesheet type="text/xsl" href="configuration.xsl"?>
<!--
  Licensed under the Apache License, Version 2.0 (the "License");
  you may not use this file except in compliance with the License.
  You may obtain a copy of the License at

    http://www.apache.org/licenses/LICENSE-2.0

  Unless required by applicable law or agreed to in writing, software
  distributed under the License is distributed on an "AS IS" BASIS,
  WITHOUT WARRANTIES OR CONDITIONS OF ANY KIND, either express or implied.
  See the License for the specific language governing permissions and
  limitations under the License. See accompanying LICENSE file.
-->

<!-- Put site-specific property overrides in this file. -->

<configuration>

<property>
　　<name>dfs.name.dir</name>
　　<value>/usr/local/software/hdfs/name</value>
　　<description>namenode上存储hdfs名字空间元数据 </description> 
</property>

<property>
　　<name>dfs.data.dir</name>
　　<value>/usr/local/software/hdfs/data</value>
　　<description>datanode上数据块的物理存储位置</description>
</property>

<property>
　　<name>dfs.replication</name>
　　<value>1</value>
　　<description>副本个数，配置默认是3,应小于datanode机器数量</description>
</property>

<property>
　<name>dfs.permissions</name>
　<value>false</value>
</property>

<property>
 <name>dfs.webhdfs.enabled</name>
 <value>true</value> 
 </property>

</configuration>
